﻿<?xml version="1.0" encoding="UTF-8" standalone="yes"?>
<addon id="script.example.controls" name="Controls" version="0.0.1" provider-name="Alex Fdlv">
	<requires>
		<import addon="xbmc.python" version="2.25.0"/>
	</requires>
	<extension point="xbmc.python.script" library="default.py">
	</extension>
	<extension point="xbmc.addon.metadata">
		<platform>all</platform>
		<summary lang="ru">Контролы</summary>
		<description lang="ru">Пример использования контролов при разработке дополнений.</description>
	</extension>
</addon>
