﻿<?xml version="1.0" encoding="UTF-8" standalone="yes"?>
<addon id="script.example.buttons" name="Buttons" version="0.0.1" provider-name="Alex Fdlv">
	<requires>
		<import addon="xbmc.python" version="2.25.0"/>
	</requires>
	<extension point="xbmc.python.script" library="default.py">
		<provides>executable</provides>
	</extension>
	<extension point="xbmc.addon.metadata">
		<platform>all</platform>
		<summary lang="ru">Кнопки</summary>
		<description lang="ru">Пример использования кнопок при разработке дополнений.</description>
	</extension>
</addon>
